perturbation_size,standard,weighted,or_dual
0,0.738255033557047,0.7337807606263982,0.738255033557047
1,0.7360178970917226,0.7337807606263982,0.7360178970917226
2,0.7337807606263982,0.7337807606263982,0.7337807606263982
3,0.7337807606263982,0.7337807606263982,0.7337807606263982
4,0.7337807606263982,0.7337807606263982,0.7337807606263982
5,0.7337807606263982,0.7315436241610739,0.7337807606263982
6,0.7337807606263982,0.727069351230425,0.7337807606263982
7,0.7315436241610739,0.7225950782997763,0.7315436241610739
8,0.7293064876957495,0.7203579418344519,0.7293064876957495
9,0.7293064876957495,0.70917225950783,0.7293064876957495
10,0.7225950782997763,0.6845637583892618,0.7225950782997763
11,0.7225950782997763,0.6465324384787472,0.7225950782997763
12,0.7203579418344519,0.5592841163310962,0.7203579418344519
13,0.7181208053691275,0.40492170022371365,0.7181208053691275
14,0.6890380313199105,0.0,0.6890380313199105
15,0.49440715883668906,0.0,0.49440715883668906
16,0.0,0.0,0.0
