perturbation_size,T10,T30,T50
0,0.6174496644295302,0.6174496644295302,0.6174496644295302
1,0.6174496644295302,0.6174496644295302,0.6174496644295302
2,0.6174496644295302,0.6174496644295302,0.6174496644295302
3,0.6174496644295302,0.6174496644295302,0.6174496644295302
4,0.6174496644295302,0.6174496644295302,0.6174496644295302
5,0.6174496644295302,0.6174496644295302,0.6174496644295302
6,0.0,0.6174496644295302,0.6174496644295302
7,0.0,0.6174496644295302,0.6174496644295302
8,0.0,0.6174496644295302,0.6174496644295302
9,0.0,0.6174496644295302,0.6174496644295302
10,0.0,0.6174496644295302,0.6174496644295302
11,0.0,0.6174496644295302,0.6174496644295302
12,0.0,0.6174496644295302,0.6174496644295302
13,0.0,0.6174496644295302,0.6174496644295302
14,0.0,0.6174496644295302,0.6174496644295302
15,0.0,0.6174496644295302,0.6174496644295302
16,0.0,0.0,0.6174496644295302
