perturbation_size,speccert
0,0.7606263982102909
1,0.7606263982102909
2,0.7606263982102909
3,0.7606263982102909
4,0.756152125279642
5,0.7539149888143176
6,0.7539149888143176
7,0.7516778523489933
8,0.7516778523489933
9,0.7494407158836689
10,0.7472035794183445
11,0.738255033557047
12,0.738255033557047
13,0.7225950782997763
14,0.6957494407158836
15,0.4742729306487696
16,0.0
