perturbation_size,GIN,GCN,GAT
0,0.7494407158836689,0.7516778523489933,0.738255033557047
1,0.7494407158836689,0.7516778523489933,0.738255033557047
2,0.7494407158836689,0.7516778523489933,0.738255033557047
3,0.7494407158836689,0.7494407158836689,0.738255033557047
4,0.7494407158836689,0.7449664429530202,0.738255033557047
5,0.7494407158836689,0.7449664429530202,0.7360178970917226
6,0.7472035794183445,0.7449664429530202,0.7360178970917226
7,0.7472035794183445,0.7427293064876958,0.7315436241610739
8,0.7427293064876958,0.7404921700223713,0.7293064876957495
9,0.7427293064876958,0.738255033557047,0.727069351230425
10,0.7427293064876958,0.7315436241610739,0.727069351230425
11,0.7404921700223713,0.7293064876957495,0.7225950782997763
12,0.7360178970917226,0.7248322147651006,0.7181208053691275
13,0.7225950782997763,0.7181208053691275,0.7181208053691275
14,0.7046979865771812,0.7024608501118568,0.7046979865771812
15,0.5369127516778524,0.5503355704697986,0.5391498881431768
16,0.0,0.0,0.0
