perturbation_size,T10,T30,T50
0,0.7404921700223713,0.7472035794183445,0.7472035794183445
1,0.7360178970917226,0.7472035794183445,0.7472035794183445
2,0.7225950782997763,0.7449664429530202,0.7472035794183445
3,0.7181208053691275,0.7427293064876958,0.7472035794183445
4,0.697986577181208,0.7427293064876958,0.7449664429530202
5,0.5369127516778524,0.7427293064876958,0.7449664429530202
6,0.0,0.7427293064876958,0.7449664429530202
7,0.0,0.7404921700223713,0.7449664429530202
8,0.0,0.7404921700223713,0.7449664429530202
9,0.0,0.7404921700223713,0.7449664429530202
10,0.0,0.738255033557047,0.7449664429530202
11,0.0,0.7315436241610739,0.7449664429530202
12,0.0,0.727069351230425,0.7427293064876958
13,0.0,0.7181208053691275,0.7427293064876958
14,0.0,0.7069351230425056,0.7427293064876958
15,0.0,0.5234899328859061,0.7427293064876958
16,0.0,0.0,0.7404921700223713
